Date,Product,Region,Customer_Type,Quantity,Price,Discount,Revenue
2024-05-05,Courier Services,North,Corporate,38,3667.27,0.04,133782.01
2024-11-29,Courier Services,South,Individual,48,562.12,0.09,24553.4
2024-11-24,Courier Services,North,Corporate,11,1924.71,0.18,17360.88
2024-03-22,Warehousing,South,Corporate,3,3022.34,0.2,7253.62
2024-05-30,Courier Services,East,Individual,5,1048.25,0.27,3826.11
2024-06-30,Freight Shipping,North,Corporate,24,4114.15,0.12,86890.85
2024-09-16,Freight Shipping,North,Individual,45,1239.47,0.15,47409.73
2024-11-12,Warehousing,North,Individual,44,1326.43,0.14,50192.11
2024-01-25,Courier Services,East,Corporate,21,217.95,0.01,4531.18
2024-04-01,Courier Services,South,Individual,24,3923.52,0.02,92281.19
2024-01-13,Courier Services,North,Corporate,27,948.46,0.04,24584.08
2024-12-15,Freight Shipping,North,Individual,47,2368.85,0.14,95748.92
2024-09-09,Courier Services,West,Corporate,50,272.7,0.21,10771.65
2024-01-28,Courier Services,West,Corporate,39,4929.16,0.12,169168.77
2024-12-11,Courier Services,East,Individual,2,4765.3,0.22,7433.87
2024-04-04,Courier Services,East,Individual,28,3654.2,0.15,86969.96
2024-07-13,Courier Services,West,Corporate,9,3317.48,0.15,25378.72
2024-09-20,Warehousing,South,Individual,44,1469.99,0.07,60151.99
2024-02-29,Freight Shipping,South,Corporate,42,860.38,0.07,33606.44
2024-11-10,Freight Shipping,East,Corporate,6,2796.16,0.06,15770.34
2024-03-01,Courier Services,North,Individual,39,3726.34,0.18,119168.35
2024-07-28,Warehousing,West,Individual,8,615.63,0.26,3644.53
2024-04-13,Warehousing,West,Corporate,6,1950.5,0.28,8426.16
2024-07-02,Courier Services,North,Corporate,31,1513.92,0.07,43646.31
2024-11-16,Freight Shipping,North,Individual,45,1952.99,0.01,87005.7
2024-12-17,Courier Services,South,Corporate,29,531.11,0.22,12013.71
2024-07-27,Freight Shipping,East,Corporate,6,3946.78,0.22,18470.93
2024-01-04,Courier Services,North,Corporate,1,1676.89,0.06,1576.28
2024-02-22,Freight Shipping,East,Corporate,46,4527.34,0.24,158275.81
2024-09-01,Warehousing,South,Individual,19,3762.67,0.22,55762.77
2024-04-02,Freight Shipping,South,Individual,9,4365.74,0.07,36541.24
2024-10-30,Courier Services,West,Corporate,1,2812.67,0.16,2362.64
2024-04-20,Warehousing,West,Corporate,40,2739.94,0.2,87678.08
2024-04-14,Warehousing,South,Individual,18,1690.37,0.04,29209.59
2024-09-30,Freight Shipping,East,Individual,4,616.04,0.26,1823.48
2024-08-11,Freight Shipping,South,Individual,47,4807.52,0.09,205617.63
2024-01-30,Courier Services,West,Individual,50,3980.4,0.3,139314.0
2024-10-06,Freight Shipping,North,Corporate,31,1945.33,0.28,43419.77
2024-10-10,Freight Shipping,East,Corporate,6,1692.83,0.18,8328.72
2024-04-08,Warehousing,East,Individual,35,1738.2,0.24,46236.12
2024-07-16,Warehousing,North,Corporate,17,4422.43,0.2,60145.05
2024-10-04,Courier Services,West,Corporate,32,1048.57,0.24,25501.22
2024-10-07,Warehousing,South,Individual,7,4126.91,0.2,23110.7
2024-12-01,Freight Shipping,North,Corporate,24,957.34,0.14,19759.5
2024-07-11,Warehousing,South,Corporate,41,4444.8,0.25,136677.6
2024-10-02,Warehousing,North,Individual,44,3279.64,0.22,112557.24
2024-07-27,Freight Shipping,West,Corporate,49,470.51,0.08,21210.59
2024-02-07,Warehousing,South,Corporate,18,3718.97,0.29,47528.44
2024-03-03,Courier Services,West,Individual,6,1259.9,0.27,5518.36
2024-12-24,Freight Shipping,South,Corporate,8,1566.45,0.03,12155.65
2024-11-19,Courier Services,West,Corporate,22,3855.5,0.23,65312.17
2024-07-27,Courier Services,North,Corporate,24,3460.42,0.13,72253.57
2024-04-14,Courier Services,East,Individual,19,1120.41,0.27,15540.09
2024-09-25,Warehousing,West,Corporate,34,2060.5,0.25,52542.75
2024-11-03,Warehousing,West,Individual,36,3782.05,0.15,115730.73
2024-07-29,Courier Services,North,Corporate,48,2081.58,0.1,89924.26
2024-05-13,Warehousing,North,Individual,3,3772.77,0.3,7922.82
2024-09-04,Courier Services,South,Corporate,28,1937.49,0.13,47197.26
2024-08-29,Warehousing,North,Individual,8,4068.41,0.3,22783.1
2024-04-15,Freight Shipping,East,Corporate,44,3911.12,0.06,161763.92
2024-06-30,Courier Services,West,Individual,9,3219.45,0.02,28395.55
2024-07-02,Freight Shipping,East,Individual,17,4642.75,0.11,70244.81
2024-07-25,Warehousing,East,Individual,44,2852.77,0.09,114224.91
2024-09-07,Warehousing,North,Individual,28,3510.45,0.06,92395.04
2024-05-19,Courier Services,East,Corporate,30,942.73,0.27,20645.79
2024-05-26,Freight Shipping,West,Corporate,47,1576.22,0.23,57043.4
2024-12-08,Freight Shipping,East,Corporate,4,3484.51,0.02,13659.28
2024-09-12,Courier Services,East,Corporate,22,402.3,0.26,6549.44
2024-12-18,Courier Services,West,Individual,10,2597.65,0.13,22599.56
2024-09-16,Freight Shipping,East,Corporate,2,2720.0,0.22,4243.2
2024-01-18,Courier Services,East,Individual,34,2272.35,0.01,76487.3
2024-11-28,Warehousing,South,Corporate,32,1161.98,0.06,34952.36
2024-12-30,Warehousing,North,Individual,22,3363.3,0.06,69553.04
2024-06-04,Warehousing,West,Individual,30,2086.26,0.04,60084.29
2024-02-29,Warehousing,South,Corporate,3,2095.44,0.22,4903.33
2024-10-18,Freight Shipping,West,Corporate,45,3466.01,0.2,124776.36
2024-01-28,Courier Services,South,Individual,6,4023.7,0.26,17865.23
2024-06-14,Freight Shipping,East,Individual,21,4624.08,0.01,96134.62
2024-05-15,Freight Shipping,East,Individual,27,194.12,0.18,4297.82
2024-09-04,Courier Services,South,Corporate,7,3247.91,0.05,21598.6
2024-02-19,Warehousing,North,Individual,22,4881.7,0.18,88065.87
2024-11-21,Freight Shipping,East,Individual,23,3276.74,0.29,53509.16
2024-12-12,Freight Shipping,West,Corporate,20,4717.17,0.18,77361.59
2024-07-07,Courier Services,West,Corporate,8,1462.74,0.29,8308.36
2024-01-27,Courier Services,West,Corporate,34,254.53,0.29,6144.35
2024-04-13,Freight Shipping,South,Corporate,47,3242.49,0.19,123441.59
2024-11-30,Warehousing,East,Individual,30,825.96,0.3,17345.16
2024-09-10,Courier Services,South,Corporate,6,4353.72,0.17,21681.53
2024-03-28,Warehousing,North,Individual,3,1879.99,0.15,4793.97
2024-07-09,Warehousing,North,Corporate,37,180.6,0.04,6414.91
2024-11-28,Courier Services,West,Individual,35,2011.81,0.03,68300.95
2024-01-08,Courier Services,North,Corporate,24,536.18,0.3,9007.82
2024-12-04,Freight Shipping,North,Corporate,6,1687.54,0.24,7695.18
2024-01-02,Freight Shipping,South,Individual,42,3923.68,0.11,146667.16
2024-08-22,Courier Services,North,Corporate,18,577.95,0.0,10403.1
2024-06-20,Freight Shipping,North,Corporate,10,2567.79,0.15,21826.22
2024-04-22,Warehousing,South,Corporate,2,4644.91,0.16,7803.45
2024-08-17,Warehousing,East,Corporate,37,1432.33,0.07,49286.48
2024-12-27,Warehousing,West,Corporate,1,75.56,0.25,56.67
2024-11-08,Courier Services,West,Corporate,24,1351.65,0.07,30168.83
2024-08-30,Courier Services,South,Individual,11,3361.43,0.2,29580.58
2024-05-08,Freight Shipping,North,Individual,44,4901.95,0.15,183332.93
2024-04-25,Courier Services,West,Corporate,27,391.48,0.02,10358.56
2024-07-02,Warehousing,West,Corporate,3,2015.3,0.09,5501.77
2024-04-12,Freight Shipping,West,Corporate,12,3735.63,0.02,43931.01
2024-09-25,Freight Shipping,West,Individual,24,2877.48,0.2,55247.62
2024-09-15,Warehousing,East,Individual,45,4934.13,0.17,184289.76
2024-10-11,Courier Services,West,Individual,29,2897.39,0.01,83184.07
2024-01-17,Warehousing,East,Individual,32,1162.02,0.19,30119.56
2024-03-08,Freight Shipping,North,Corporate,4,3499.15,0.11,12456.97
2024-10-11,Courier Services,East,Individual,14,4802.4,0.14,57820.9
2024-04-18,Warehousing,East,Individual,2,667.16,0.09,1214.23
2024-11-02,Freight Shipping,West,Individual,22,1637.86,0.16,30267.65
2024-01-30,Freight Shipping,South,Corporate,24,2758.42,0.12,58257.83
2024-04-28,Courier Services,East,Corporate,13,82.0,0.25,799.5
2024-07-23,Freight Shipping,South,Individual,5,3176.67,0.25,11912.51
2024-03-18,Warehousing,North,Individual,46,2837.67,0.27,95288.96
2024-01-22,Courier Services,West,Individual,23,241.18,0.08,5103.37
2024-04-10,Courier Services,West,Individual,5,2211.59,0.16,9288.68
2024-10-26,Courier Services,West,Individual,21,2621.96,0.29,39093.42
2024-04-06,Warehousing,North,Corporate,1,3079.56,0.12,2710.01
2024-09-26,Freight Shipping,East,Individual,6,1202.86,0.25,5412.87
2024-07-01,Courier Services,North,Corporate,29,765.51,0.05,21089.8
2024-12-12,Courier Services,North,Corporate,13,4470.84,0.13,50565.2
2024-12-31,Courier Services,East,Individual,45,1194.78,0.28,38710.87
2024-03-11,Freight Shipping,North,Individual,12,1068.2,0.1,11536.56
2024-06-02,Warehousing,North,Corporate,34,928.93,0.1,28425.26
2024-05-07,Freight Shipping,East,Individual,50,4945.99,0.16,207731.58
2024-09-27,Courier Services,North,Corporate,26,1213.21,0.09,28704.55
2024-08-22,Courier Services,South,Corporate,23,3450.27,0.16,66659.22
2024-08-17,Courier Services,South,Corporate,1,2152.89,0.04,2066.77
2024-01-20,Freight Shipping,South,Corporate,34,2573.05,0.16,73486.31
2024-02-25,Courier Services,South,Individual,16,1762.01,0.12,24809.1
2024-07-03,Freight Shipping,North,Corporate,14,2299.18,0.12,28325.9
2024-02-24,Freight Shipping,East,Individual,8,3324.5,0.15,22606.6
2024-11-22,Courier Services,West,Corporate,15,2324.61,0.23,26849.25
2024-08-17,Freight Shipping,North,Individual,20,1361.81,0.27,19882.43
2024-03-15,Freight Shipping,South,Corporate,41,3890.74,0.16,133997.09
2024-09-11,Freight Shipping,North,Corporate,3,2900.59,0.09,7918.61
2024-03-06,Freight Shipping,West,Corporate,12,3863.48,0.25,34771.32
2024-08-12,Courier Services,North,Individual,9,146.76,0.07,1228.38
2024-01-07,Freight Shipping,East,Individual,5,2104.47,0.19,8523.1
2024-02-22,Warehousing,North,Individual,41,2342.74,0.29,68197.16
2024-03-29,Courier Services,South,Corporate,43,3041.44,0.04,125550.64
2024-06-15,Courier Services,South,Individual,48,371.81,0.2,14277.5
2024-06-02,Warehousing,West,Individual,43,4178.74,0.01,177888.96
2024-09-26,Warehousing,South,Individual,40,2577.07,0.01,102051.97
2024-05-11,Freight Shipping,North,Individual,29,2428.68,0.24,53528.11
2024-02-20,Courier Services,South,Individual,42,3063.28,0.15,109359.1
2024-02-17,Warehousing,South,Individual,4,728.6,0.08,2681.25
2024-10-06,Warehousing,South,Corporate,38,599.62,0.22,17772.74
2024-01-19,Freight Shipping,West,Individual,13,677.95,0.17,7315.08
2024-12-07,Warehousing,North,Individual,20,795.01,0.03,15423.19
2024-11-15,Freight Shipping,North,Corporate,32,3078.22,0.26,72892.25
2024-06-29,Freight Shipping,East,Individual,3,2274.88,0.27,4981.99
2024-06-19,Warehousing,North,Corporate,44,4975.09,0.26,161988.93
2024-03-28,Warehousing,South,Individual,26,734.13,0.24,14506.41
2024-10-31,Freight Shipping,South,Corporate,45,2062.22,0.21,73311.92
2024-05-12,Freight Shipping,West,Individual,41,2824.27,0.2,92636.06
2024-01-26,Freight Shipping,North,Corporate,18,4054.47,0.1,65682.41
2024-12-07,Freight Shipping,East,Individual,18,3197.95,0.03,55836.21
2024-10-19,Courier Services,South,Individual,22,144.77,0.06,2993.84
2024-01-16,Freight Shipping,South,Corporate,9,4005.16,0.08,33162.72
2024-07-08,Freight Shipping,South,Individual,46,1737.48,0.16,67136.23
2024-11-04,Warehousing,North,Individual,18,1533.55,0.05,26223.7
2024-09-10,Freight Shipping,South,Individual,39,3137.48,0.1,110125.55
2024-10-27,Freight Shipping,East,Individual,1,2247.04,0.06,2112.22
2024-09-15,Courier Services,West,Individual,36,4742.31,0.11,151943.61
2024-01-20,Courier Services,West,Corporate,5,1488.94,0.01,7370.25
2024-08-04,Courier Services,East,Corporate,33,2731.58,0.21,71212.29
2024-12-24,Courier Services,East,Corporate,6,994.12,0.23,4592.83
2024-09-23,Warehousing,South,Individual,16,1072.22,0.07,15954.63
2024-05-25,Courier Services,West,Corporate,6,382.5,0.19,1858.95
2024-06-28,Freight Shipping,North,Individual,33,3515.16,0.24,88160.21
2024-11-30,Freight Shipping,East,Corporate,2,1160.55,0.01,2297.89
2024-07-29,Warehousing,North,Individual,37,2619.02,0.07,90120.48
2024-05-12,Freight Shipping,North,Individual,43,2244.41,0.11,85893.57
2024-02-29,Courier Services,East,Corporate,50,2913.53,0.12,128195.32
2024-02-18,Courier Services,South,Corporate,27,3036.23,0.28,59024.31
2024-02-21,Freight Shipping,West,Corporate,28,3360.13,0.19,76207.75
2024-04-20,Warehousing,West,Individual,18,4719.27,0.24,64559.61
2024-04-09,Freight Shipping,East,Individual,22,2720.88,0.01,59260.77
2024-02-24,Warehousing,North,Corporate,11,3591.96,0.02,38721.33
2024-05-15,Warehousing,West,Individual,35,3620.13,0.12,111500.0
2024-07-01,Freight Shipping,West,Individual,3,4111.13,0.2,9866.71
2024-08-30,Courier Services,East,Individual,13,3695.26,0.08,44195.31
2024-10-20,Courier Services,West,Individual,40,1526.05,0.26,45171.08
2024-07-29,Warehousing,South,Corporate,17,1132.41,0.29,13668.19
2024-01-26,Courier Services,East,Corporate,29,3624.17,0.12,92488.82
2024-05-14,Freight Shipping,South,Corporate,48,816.06,0.08,36037.21
2024-06-06,Warehousing,North,Corporate,26,4837.85,0.17,104400.8
2024-08-27,Freight Shipping,West,Corporate,30,2205.09,0.21,52260.63
2024-05-16,Courier Services,West,Individual,12,1585.08,0.14,16358.03
2024-12-02,Freight Shipping,North,Corporate,49,4648.56,0.1,205001.5
2024-08-08,Freight Shipping,West,Corporate,7,3901.17,0.3,19115.73
2024-01-22,Warehousing,East,Corporate,44,3664.33,0.12,141882.86
2024-05-15,Freight Shipping,West,Individual,3,1098.44,0.14,2833.98
2024-05-16,Warehousing,South,Individual,43,4793.46,0.29,146344.33
2024-12-08,Freight Shipping,North,Individual,25,688.42,0.01,17038.4
2024-03-29,Courier Services,South,Individual,29,1257.77,0.09,33192.55
2024-10-19,Courier Services,West,Corporate,26,3622.77,0.16,79121.3
2024-06-21,Courier Services,West,Corporate,45,4995.02,0.23,173077.44
2024-05-07,Warehousing,South,Individual,43,3714.22,0.28,114992.25
2024-12-04,Warehousing,South,Individual,8,987.48,0.15,6714.86
2024-12-01,Freight Shipping,East,Corporate,32,4802.09,0.25,115250.16
2024-10-15,Courier Services,East,Corporate,13,2967.46,0.06,36262.36
2024-08-05,Freight Shipping,South,Corporate,32,241.57,0.09,7034.52
2024-02-14,Courier Services,East,Corporate,12,514.47,0.21,4877.18
2024-10-06,Courier Services,East,Corporate,15,4486.43,0.19,54510.12
2024-11-25,Warehousing,South,Individual,38,1591.74,0.03,58671.54
2024-06-28,Courier Services,South,Corporate,35,2637.61,0.01,91393.19
2024-09-04,Courier Services,South,Corporate,29,1986.16,0.17,47806.87
2024-12-27,Warehousing,South,Corporate,34,3473.67,0.03,114561.64
2024-04-08,Freight Shipping,South,Corporate,37,386.44,0.26,10580.73
2024-09-26,Warehousing,North,Corporate,18,2389.04,0.04,41282.61
2024-06-09,Warehousing,West,Corporate,45,645.11,0.0,29029.95
2024-07-04,Freight Shipping,South,Corporate,16,4630.65,0.13,64458.65
2024-03-24,Freight Shipping,South,Corporate,22,2959.02,0.03,63145.49
2024-03-30,Warehousing,East,Individual,21,1539.1,0.13,28119.36
2024-05-14,Warehousing,West,Individual,7,4457.29,0.16,26208.87
2024-03-13,Warehousing,East,Individual,33,1205.02,0.28,28631.28
2024-04-11,Courier Services,East,Individual,10,1169.0,0.04,11222.4
2024-10-31,Freight Shipping,East,Corporate,37,1389.54,0.23,39587.99
2024-09-15,Warehousing,South,Corporate,23,2692.64,0.2,49544.58
2024-08-09,Courier Services,East,Corporate,28,2987.65,0.04,80308.03
2024-10-18,Freight Shipping,West,Corporate,25,1568.81,0.16,32945.01
2024-12-18,Warehousing,South,Corporate,49,3271.83,0.14,137874.92
2024-10-31,Courier Services,North,Corporate,34,2286.15,0.09,70733.48
2024-08-17,Warehousing,South,Individual,10,912.37,0.05,8667.52
2024-09-24,Courier Services,South,Individual,32,4119.85,0.15,112059.92
2024-06-08,Courier Services,West,Individual,27,2433.65,0.04,63080.21
2024-06-17,Warehousing,West,Individual,39,3137.07,0.02,119898.82
2024-05-16,Freight Shipping,North,Corporate,28,885.52,0.0,24794.56
2024-08-07,Courier Services,South,Corporate,9,4572.78,0.17,34158.67
2024-07-28,Warehousing,South,Corporate,18,409.23,0.12,6482.2
2024-01-12,Courier Services,East,Corporate,36,3249.4,0.25,87733.8
2024-08-09,Warehousing,West,Individual,36,4066.68,0.14,125904.41
2024-05-24,Courier Services,North,Corporate,23,190.04,0.11,3890.12
2024-01-24,Warehousing,West,Corporate,47,1670.56,0.2,62813.06
2024-09-02,Courier Services,South,Corporate,11,4237.51,0.14,40086.84
2024-10-07,Courier Services,South,Corporate,31,1011.05,0.25,23506.91
2024-10-29,Freight Shipping,East,Individual,39,941.13,0.13,31932.54
2024-07-12,Warehousing,North,Corporate,47,454.52,0.14,18371.7
2024-05-19,Freight Shipping,South,Corporate,22,87.88,0.03,1875.36
2024-07-06,Warehousing,South,Corporate,25,1726.9,0.18,35401.45
2024-11-01,Courier Services,East,Corporate,24,3188.61,0.2,61221.31
2024-03-17,Courier Services,West,Individual,13,4488.98,0.07,54271.77
2024-04-04,Warehousing,East,Corporate,2,3808.38,0.19,6169.58
2024-01-03,Freight Shipping,South,Individual,6,1987.67,0.09,10852.68
2024-01-12,Courier Services,West,Corporate,6,259.53,0.28,1121.17
2024-01-29,Freight Shipping,West,Corporate,15,4479.24,0.06,63157.28
2024-06-29,Freight Shipping,North,Individual,30,1995.53,0.16,50287.36
2024-05-25,Freight Shipping,East,Corporate,4,1190.75,0.05,4524.85
2024-02-21,Courier Services,South,Corporate,37,461.76,0.03,16572.57
2024-12-11,Courier Services,North,Individual,45,3052.1,0.01,135971.06
2024-12-13,Warehousing,North,Individual,16,3265.64,0.26,38665.18
2024-09-01,Warehousing,East,Corporate,25,2625.49,0.28,47258.82
2024-04-17,Warehousing,North,Individual,26,2680.86,0.25,52276.77
2024-04-25,Freight Shipping,North,Individual,44,3697.35,0.23,125266.22
2024-07-03,Warehousing,North,Corporate,44,3692.3,0.14,139716.63
2024-12-20,Freight Shipping,West,Corporate,16,2059.38,0.0,32950.08
2024-03-14,Freight Shipping,South,Individual,17,2371.69,0.17,33464.55
2024-08-28,Warehousing,West,Corporate,27,2496.12,0.21,53242.24
2024-12-18,Courier Services,East,Individual,12,3458.33,0.09,37764.96
2024-01-25,Warehousing,West,Corporate,34,4983.93,0.02,166064.55
2024-11-08,Warehousing,South,Individual,23,1140.28,0.21,20718.89
2024-03-22,Courier Services,South,Individual,21,1072.97,0.29,15997.98
2024-07-07,Courier Services,South,Individual,11,766.72,0.09,7674.87
2024-05-26,Freight Shipping,South,Individual,30,3597.41,0.17,89575.51
2024-01-14,Warehousing,South,Corporate,14,2807.23,0.11,34978.09
2024-06-13,Warehousing,South,Corporate,50,499.52,0.19,20230.56
2024-11-06,Courier Services,South,Corporate,38,2087.57,0.2,63462.13
2024-11-19,Courier Services,South,Individual,40,2621.03,0.13,91211.84
2024-11-04,Freight Shipping,East,Corporate,23,4018.93,0.03,89662.33
2024-12-28,Warehousing,East,Individual,32,4270.06,0.16,114779.21
2024-01-03,Courier Services,North,Individual,22,1481.75,0.03,31620.54
2024-02-10,Warehousing,East,Corporate,38,1335.47,0.25,38060.9
2024-08-25,Warehousing,East,Individual,42,887.57,0.09,33922.93
2024-01-19,Freight Shipping,North,Corporate,35,3863.94,0.18,110895.08
2024-05-06,Courier Services,North,Individual,33,3348.0,0.23,85072.68
2024-01-24,Courier Services,East,Corporate,42,3287.12,0.29,98021.92
2024-01-07,Warehousing,East,Corporate,8,4132.75,0.16,27772.08
2024-06-30,Courier Services,West,Individual,15,4458.69,0.25,50160.26
2024-06-06,Warehousing,East,Individual,18,769.6,0.07,12883.1
2024-03-27,Freight Shipping,North,Corporate,25,4302.15,0.22,83891.92
2024-04-25,Freight Shipping,East,Individual,17,1920.38,0.28,23505.45
2024-04-06,Freight Shipping,East,Individual,26,1678.05,0.16,36648.61
2024-06-23,Warehousing,North,Corporate,42,1661.9,0.13,60725.83
2024-02-01,Courier Services,West,Individual,41,4145.85,0.19,137683.68
2024-11-06,Freight Shipping,West,Individual,32,4738.54,0.06,142535.28
2024-04-14,Warehousing,East,Corporate,1,958.7,0.21,757.37
2024-09-23,Freight Shipping,North,Corporate,1,1515.29,0.01,1500.14
2024-08-18,Courier Services,East,Individual,36,1410.7,0.1,45706.68
2024-12-15,Warehousing,South,Individual,32,2034.3,0.15,55332.96
2024-05-28,Freight Shipping,West,Corporate,5,2780.61,0.07,12929.84
2024-04-22,Warehousing,North,Corporate,33,1953.83,0.04,61897.33
2024-11-21,Courier Services,East,Corporate,18,1103.24,0.22,15489.49
2024-10-15,Warehousing,North,Individual,2,2575.3,0.02,5047.59
2024-04-21,Courier Services,North,Corporate,25,724.18,0.02,17742.41
2024-08-30,Warehousing,West,Individual,12,2583.28,0.25,23249.52
2024-06-01,Courier Services,South,Individual,47,2500.68,0.05,111655.36
2024-12-12,Freight Shipping,West,Individual,38,3054.06,0.19,94003.97
2024-08-04,Courier Services,East,Individual,3,2203.8,0.19,5355.23
2024-01-07,Warehousing,West,Corporate,2,4935.26,0.16,8291.24
2024-11-15,Warehousing,North,Corporate,41,1752.09,0.16,60341.98
2024-09-09,Courier Services,East,Individual,27,4252.08,0.19,92992.99
2024-08-06,Freight Shipping,North,Individual,3,3063.19,0.06,8638.2
2024-11-13,Freight Shipping,West,Individual,38,1380.72,0.12,46171.28
2024-04-28,Freight Shipping,West,Individual,40,4697.98,0.23,144697.78
2024-01-29,Courier Services,North,Corporate,24,2612.77,0.26,46402.8
2024-12-19,Warehousing,East,Corporate,2,4922.77,0.18,8073.34
2024-09-03,Courier Services,West,Individual,18,3661.98,0.17,54709.98
2024-03-10,Courier Services,North,Corporate,19,832.9,0.03,15350.35
2024-11-11,Warehousing,South,Corporate,36,2122.58,0.13,66479.21
2024-02-01,Warehousing,West,Individual,4,2061.43,0.28,5936.92
2024-03-06,Courier Services,North,Individual,6,2969.74,0.06,16749.33
2024-09-25,Courier Services,North,Individual,15,3541.28,0.06,49932.05
2024-02-09,Freight Shipping,South,Corporate,21,1810.76,0.23,29279.99
2024-06-02,Warehousing,East,Corporate,18,256.91,0.05,4393.16
2024-12-20,Courier Services,East,Individual,33,3146.57,0.05,98644.97
2024-04-20,Freight Shipping,East,Individual,9,4632.47,0.26,30852.25
2024-11-18,Freight Shipping,North,Individual,13,3872.05,0.11,44799.62
2024-05-27,Freight Shipping,West,Individual,7,1849.96,0.11,11525.25
2024-04-19,Courier Services,East,Individual,8,2957.85,0.05,22479.66
2024-01-01,Warehousing,South,Individual,34,2241.41,0.2,60966.35
2024-11-10,Warehousing,South,Corporate,8,4753.31,0.24,28900.12
2024-12-02,Warehousing,West,Individual,29,3610.82,0.09,95289.54
2024-08-16,Warehousing,North,Individual,22,485.47,0.22,8330.67
2024-03-16,Warehousing,North,Corporate,39,4793.59,0.09,170124.51
2024-11-18,Freight Shipping,West,Corporate,42,4598.24,0.15,164157.17
2024-05-05,Courier Services,West,Corporate,10,3557.27,0.11,31659.7
2024-03-01,Freight Shipping,West,Corporate,31,4924.23,0.18,125173.93
2024-09-17,Warehousing,South,Individual,27,2085.51,0.06,52930.24
2024-01-29,Warehousing,East,Individual,46,2532.16,0.04,111820.19
2024-10-26,Freight Shipping,South,Individual,21,1993.89,0.0,41871.69
2024-08-05,Warehousing,North,Corporate,26,1411.37,0.13,31925.19
2024-10-12,Courier Services,North,Individual,32,4787.5,0.25,114900.0
2024-10-06,Freight Shipping,West,Corporate,41,2685.27,0.27,80370.13
2024-05-05,Freight Shipping,North,Individual,24,3754.55,0.01,89208.11
2024-08-09,Courier Services,East,Individual,32,2876.45,0.04,88364.54
2024-01-20,Courier Services,East,Corporate,42,2282.91,0.25,71911.67
2024-05-25,Courier Services,South,Corporate,3,1740.29,0.17,4333.32
2024-02-09,Courier Services,West,Individual,29,944.75,0.18,22466.16
2024-07-15,Warehousing,West,Individual,19,4462.6,0.05,80549.93
2024-11-25,Freight Shipping,West,Individual,33,3994.49,0.28,94909.08
2024-02-16,Courier Services,East,Individual,21,4652.28,0.01,96720.9
2024-11-28,Courier Services,North,Individual,13,381.8,0.18,4069.99
2024-12-23,Freight Shipping,South,Corporate,24,2740.19,0.13,57215.17
2024-11-18,Freight Shipping,East,Individual,36,3753.16,0.27,98633.04
2024-07-01,Warehousing,West,Individual,18,1826.46,0.15,27944.84
2024-06-05,Courier Services,West,Corporate,43,4264.49,0.21,144864.73
2024-11-30,Freight Shipping,West,Individual,36,2041.9,0.08,67627.73
2024-12-15,Warehousing,East,Individual,12,1459.57,0.03,16989.39
2024-08-22,Courier Services,South,Corporate,19,2740.11,0.09,47376.5
2024-05-02,Warehousing,North,Individual,20,3908.49,0.14,67226.03
2024-12-10,Freight Shipping,South,Individual,46,1030.63,0.03,45986.71
2024-05-12,Warehousing,East,Corporate,18,1269.53,0.04,21937.48
2024-04-02,Freight Shipping,East,Individual,50,3145.22,0.2,125808.8
2024-08-22,Courier Services,West,Individual,28,4019.96,0.21,88921.52
2024-11-13,Warehousing,West,Corporate,46,3736.6,0.29,122037.36
2024-03-13,Courier Services,East,Corporate,30,2706.88,0.09,73897.82
2024-10-26,Warehousing,South,Corporate,46,3812.05,0.09,159572.41
2024-09-02,Freight Shipping,South,Individual,23,266.06,0.12,5385.05
2024-05-29,Courier Services,West,Corporate,15,362.84,0.2,4354.08
2024-03-04,Freight Shipping,South,Corporate,31,3296.0,0.17,84806.08
2024-08-17,Freight Shipping,East,Corporate,37,4703.54,0.04,167069.74
2024-12-06,Courier Services,West,Corporate,7,637.35,0.14,3836.85
2024-11-16,Freight Shipping,East,Corporate,13,638.57,0.21,6558.11
2024-05-03,Freight Shipping,East,Corporate,41,4511.98,0.12,162792.24
2024-11-08,Warehousing,East,Individual,41,1857.62,0.05,72354.3
2024-03-02,Warehousing,South,Individual,50,1560.15,0.27,56945.48
2024-11-17,Courier Services,East,Corporate,14,2451.34,0.03,33289.2
2024-11-20,Freight Shipping,North,Corporate,39,3356.42,0.29,92939.27
2024-04-24,Warehousing,West,Individual,27,3285.83,0.2,70973.93
2024-12-17,Freight Shipping,West,Corporate,46,3575.52,0.21,129934.4
2024-12-29,Freight Shipping,North,Individual,46,1574.92,0.08,66650.61
2024-05-24,Freight Shipping,South,Corporate,11,1495.3,0.11,14638.99
2024-03-25,Freight Shipping,East,Corporate,2,190.84,0.15,324.43
2024-02-07,Freight Shipping,North,Corporate,3,4400.05,0.16,11088.13
2024-09-14,Courier Services,East,Individual,11,647.55,0.2,5698.44
2024-07-02,Courier Services,North,Corporate,47,2908.12,0.09,124380.29
2024-02-01,Warehousing,West,Individual,40,1175.63,0.03,45614.44
2024-07-22,Courier Services,West,Corporate,15,2469.84,0.01,36677.12
2024-05-12,Courier Services,North,Individual,4,2495.93,0.11,8885.51
2024-02-17,Courier Services,West,Individual,4,4911.45,0.12,17288.3
2024-07-03,Freight Shipping,South,Corporate,48,4493.61,0.17,179025.42
2024-04-23,Freight Shipping,East,Individual,35,4849.01,0.01,168018.2
2024-08-24,Courier Services,East,Individual,40,3694.33,0.08,135951.34
2024-02-13,Warehousing,South,Corporate,28,2527.58,0.23,54494.62
2024-04-11,Freight Shipping,West,Corporate,31,1323.23,0.02,40199.73
2024-10-28,Freight Shipping,East,Corporate,46,1714.91,0.24,59953.25
2024-05-21,Freight Shipping,East,Individual,35,4827.33,0.02,165577.42
2024-06-19,Courier Services,North,Individual,3,3189.83,0.24,7272.81
2024-04-15,Freight Shipping,North,Corporate,38,4375.03,0.15,141313.47
2024-12-25,Freight Shipping,South,Individual,45,4170.77,0.07,174546.72
2024-05-31,Freight Shipping,South,Individual,21,1340.77,0.08,25903.68
2024-09-14,Freight Shipping,East,Corporate,21,2479.31,0.26,38528.48
2024-10-14,Courier Services,North,Individual,6,2770.88,0.03,16126.52
2024-02-09,Freight Shipping,East,Corporate,5,2073.09,0.15,8810.63
2024-03-07,Freight Shipping,West,Corporate,47,2590.57,0.26,90100.02
2024-06-15,Warehousing,South,Corporate,4,2425.62,0.21,7664.96
2024-03-28,Courier Services,West,Individual,5,3067.89,0.08,14112.29
2024-08-25,Freight Shipping,North,Corporate,14,3290.74,0.1,41463.32
2024-07-27,Freight Shipping,South,Corporate,26,1667.09,0.09,39443.35
2024-03-21,Warehousing,South,Corporate,2,89.68,0.14,154.25
2024-10-13,Warehousing,East,Corporate,49,3481.75,0.01,168899.69
2024-01-06,Warehousing,South,Individual,28,2310.09,0.09,58861.09
2024-04-17,Warehousing,North,Corporate,49,1521.71,0.1,67107.41
2024-08-01,Courier Services,South,Corporate,16,4958.57,0.18,65056.44
2024-09-23,Courier Services,South,Individual,23,2359.55,0.01,53726.95
2024-02-14,Freight Shipping,West,Corporate,24,4061.31,0.15,82850.72
2024-05-01,Courier Services,West,Individual,5,2862.51,0.01,14169.42
2024-01-30,Freight Shipping,South,Individual,18,1696.61,0.08,28095.86
2024-05-01,Warehousing,North,Individual,23,1098.76,0.15,21480.76
2024-01-19,Freight Shipping,West,Individual,48,4354.62,0.13,181848.93
2024-06-18,Warehousing,South,Individual,36,3150.23,0.15,96397.04
2024-11-28,Warehousing,West,Corporate,15,3902.75,0.1,52687.12
2024-05-27,Warehousing,South,Corporate,42,2719.19,0.01,113063.92
2024-08-20,Warehousing,North,Corporate,32,432.35,0.18,11344.86
2024-04-20,Freight Shipping,North,Individual,47,1527.45,0.0,71790.15
2024-10-23,Courier Services,North,Individual,10,589.48,0.28,4244.26
2024-08-08,Courier Services,West,Individual,13,3425.15,0.23,34285.75
2024-07-06,Courier Services,West,Corporate,26,1611.01,0.2,33509.01
2024-12-07,Warehousing,North,Individual,29,3995.79,0.11,103131.34
2024-06-09,Freight Shipping,West,Individual,4,1845.04,0.25,5535.12
2024-01-28,Freight Shipping,South,Individual,50,2746.45,0.04,131829.6
2024-08-02,Courier Services,South,Corporate,1,1947.86,0.23,1499.85
2024-03-12,Warehousing,West,Individual,4,405.28,0.03,1572.49
2024-10-17,Freight Shipping,South,Corporate,18,3073.97,0.25,41498.6
2024-12-19,Courier Services,West,Corporate,36,1570.83,0.1,50894.89
2024-08-21,Freight Shipping,North,Individual,30,3018.35,0.01,89645.0
2024-06-09,Warehousing,East,Individual,45,111.32,0.01,4959.31
2024-11-30,Freight Shipping,East,Individual,42,562.2,0.17,19598.29
2024-10-03,Courier Services,South,Corporate,28,3532.97,0.07,91998.54
2024-09-10,Warehousing,West,Individual,30,3399.11,0.3,71381.31
2024-11-18,Warehousing,North,Individual,5,4502.0,0.1,20259.0
2024-12-18,Warehousing,East,Individual,46,4494.31,0.17,171592.76
2024-08-07,Freight Shipping,West,Corporate,16,2946.09,0.24,35824.45
2024-08-23,Freight Shipping,East,Individual,41,1309.36,0.25,40262.82
2024-04-07,Freight Shipping,West,Individual,21,2105.25,0.03,42883.94
2024-12-27,Courier Services,North,Individual,15,346.95,0.12,4579.74
2024-11-26,Freight Shipping,North,Individual,49,3386.11,0.26,122780.35
2024-08-31,Courier Services,West,Corporate,19,596.72,0.07,10544.04
2024-11-25,Freight Shipping,North,Corporate,20,2078.39,0.09,37826.7
2024-08-25,Freight Shipping,East,Individual,15,2329.15,0.11,31094.15
2024-12-08,Warehousing,South,Corporate,48,4839.36,0.16,195123.0
2024-03-20,Warehousing,South,Corporate,21,412.35,0.05,8226.38
2024-02-19,Courier Services,North,Corporate,13,213.03,0.04,2658.61
2024-02-09,Courier Services,West,Individual,15,3802.23,0.01,56463.12
2024-09-26,Courier Services,North,Corporate,13,3464.06,0.09,40979.83
2024-02-17,Warehousing,East,Individual,33,2198.34,0.15,61663.44
2024-04-09,Freight Shipping,South,Corporate,42,4724.35,0.01,196438.47
2024-05-13,Warehousing,East,Individual,5,1915.52,0.05,9098.72
2024-09-28,Warehousing,North,Individual,49,1733.85,0.16,71365.27
2024-02-09,Courier Services,East,Corporate,28,443.51,0.13,10803.9
2024-01-09,Freight Shipping,East,Corporate,11,1693.49,0.24,14157.58
2024-06-20,Freight Shipping,West,Corporate,31,2752.91,0.13,74245.98
2024-01-26,Courier Services,East,Individual,18,3089.32,0.14,47822.67
2024-12-05,Freight Shipping,South,Corporate,26,1092.15,0.01,28111.94
2024-09-18,Freight Shipping,South,Corporate,45,569.48,0.13,22295.14
2024-12-14,Courier Services,West,Individual,43,4104.3,0.04,169425.5
2024-11-05,Warehousing,West,Individual,49,4521.6,0.27,161737.63
2024-12-01,Warehousing,East,Corporate,37,3154.17,0.09,106200.9
2024-02-05,Freight Shipping,South,Corporate,30,2453.68,0.29,52263.38
2024-06-15,Courier Services,North,Individual,48,1847.93,0.27,64751.47
2024-08-17,Freight Shipping,West,Individual,4,3489.6,0.25,10468.8
2024-07-20,Courier Services,North,Individual,15,4024.1,0.25,45271.12
2024-03-23,Freight Shipping,West,Corporate,20,2626.2,0.16,44120.16
2024-02-20,Freight Shipping,South,Individual,30,1052.87,0.19,25584.74
2024-08-31,Courier Services,West,Corporate,31,2539.91,0.01,77949.84
2024-10-10,Freight Shipping,East,Corporate,30,3726.6,0.19,90556.38
2024-04-12,Courier Services,South,Corporate,38,4800.41,0.16,153229.09
2024-02-24,Freight Shipping,South,Individual,49,2024.67,0.09,90280.04
2024-11-21,Freight Shipping,West,Corporate,22,472.91,0.15,8843.42
2024-12-20,Warehousing,East,Individual,20,456.6,0.04,8766.72
2024-12-19,Freight Shipping,South,Individual,46,917.83,0.28,30398.53
2024-05-30,Warehousing,East,Individual,47,564.17,0.14,22803.75
2024-07-15,Warehousing,South,Corporate,38,1199.78,0.26,33737.81
2024-08-25,Courier Services,North,Individual,44,1942.3,0.2,68368.96
2024-11-17,Freight Shipping,South,Individual,46,940.91,0.26,32028.58
2024-08-05,Warehousing,East,Corporate,46,4578.58,0.24,160067.16
2024-08-15,Courier Services,West,Corporate,46,316.49,0.28,10482.15
2024-09-15,Courier Services,South,Individual,19,4434.37,0.19,68244.95
2024-11-25,Courier Services,West,Corporate,48,304.32,0.27,10663.37
2024-05-19,Courier Services,East,Individual,30,2318.16,0.14,59808.53
2024-08-13,Warehousing,East,Corporate,17,3298.45,0.06,52709.23
2024-04-05,Freight Shipping,West,Individual,4,1594.64,0.02,6250.99
2024-06-28,Courier Services,East,Individual,34,4995.68,0.16,142676.62
2024-02-07,Warehousing,North,Corporate,40,1476.73,0.09,53752.97
2024-06-24,Freight Shipping,West,Individual,22,2959.15,0.16,54685.09
2024-03-18,Warehousing,East,Individual,42,4321.47,0.1,163351.57
2024-07-03,Courier Services,West,Individual,5,2138.59,0.1,9623.66
2024-11-26,Freight Shipping,West,Corporate,35,2999.48,0.0,104981.8
2024-03-30,Freight Shipping,East,Corporate,5,3684.26,0.04,17684.45
2024-03-29,Freight Shipping,South,Individual,11,3513.1,0.17,32074.6
2024-07-13,Courier Services,South,Individual,15,3841.55,0.08,53013.39
2024-10-31,Warehousing,North,Individual,21,3057.81,0.24,48802.65
2024-09-01,Warehousing,South,Corporate,44,1964.47,0.07,80386.11
2024-07-18,Warehousing,North,Corporate,21,512.02,0.1,9677.18
2024-04-23,Warehousing,North,Corporate,45,4010.97,0.29,128150.49
2024-09-26,Warehousing,South,Individual,4,4235.3,0.07,15755.32
2024-12-14,Courier Services,East,Corporate,8,4770.09,0.26,28238.93
2024-06-11,Courier Services,East,Individual,22,1258.22,0.27,20207.01
2024-01-19,Freight Shipping,South,Individual,21,525.52,0.01,10925.56
2024-03-20,Warehousing,North,Individual,19,798.72,0.15,12899.33
2024-01-09,Courier Services,West,Corporate,45,4516.51,0.27,148367.35
2024-02-14,Freight Shipping,East,Corporate,34,3699.07,0.22,98099.34
2024-11-21,Courier Services,East,Corporate,48,3640.89,0.1,157286.45
2024-05-28,Warehousing,North,Individual,36,1747.23,0.15,53465.24
2024-04-11,Warehousing,North,Corporate,17,4442.19,0.05,71741.37
2024-05-29,Freight Shipping,West,Individual,41,158.44,0.29,4612.19
2024-11-09,Courier Services,North,Corporate,37,1289.94,0.22,37227.67
2024-04-21,Warehousing,North,Individual,44,2455.93,0.3,75642.64
2024-09-28,Warehousing,East,Corporate,12,1222.09,0.11,13051.92
2024-10-31,Warehousing,West,Individual,7,3343.03,0.14,20125.04
2024-04-15,Courier Services,East,Corporate,23,726.7,0.26,12368.43
2024-05-06,Warehousing,South,Corporate,17,3257.5,0.02,54269.95
2024-04-02,Warehousing,West,Individual,45,2533.44,0.09,103744.37
2024-08-04,Courier Services,East,Corporate,2,1467.96,0.06,2759.76
2024-08-23,Freight Shipping,South,Corporate,16,817.77,0.08,12037.57
2024-11-30,Freight Shipping,North,Corporate,1,4099.22,0.22,3197.39
2024-05-27,Freight Shipping,South,Corporate,26,1209.33,0.27,22953.08
2024-01-12,Freight Shipping,South,Individual,33,3001.81,0.09,90144.35
2024-03-29,Courier Services,South,Individual,31,2077.47,0.22,50233.22
2024-04-30,Warehousing,South,Corporate,46,156.7,0.06,6775.71
2024-07-14,Warehousing,East,Corporate,8,1145.08,0.19,7420.12
2024-12-08,Freight Shipping,North,Individual,9,2660.13,0.22,18674.11
2024-02-04,Freight Shipping,South,Individual,22,197.6,0.14,3738.59
2024-09-12,Courier Services,South,Individual,21,3519.43,0.16,62082.75
2024-11-06,Freight Shipping,East,Corporate,43,1160.39,0.14,42911.22
2024-04-16,Warehousing,West,Corporate,29,1076.66,0.04,29974.21
2024-02-11,Courier Services,East,Individual,29,1829.76,0.08,48818.0
2024-04-17,Warehousing,West,Corporate,20,829.43,0.07,15427.4
2024-08-14,Warehousing,South,Individual,40,2663.71,0.27,77780.33
2024-10-11,Warehousing,North,Corporate,19,2000.08,0.21,30021.2
2024-10-20,Courier Services,West,Individual,10,4984.86,0.19,40377.37
2024-07-11,Warehousing,East,Individual,8,2805.4,0.25,16832.4
2024-08-25,Freight Shipping,North,Corporate,26,200.0,0.1,4680.0
2024-07-13,Courier Services,South,Corporate,17,3087.68,0.26,38843.01
2024-09-03,Freight Shipping,South,Individual,31,686.58,0.06,20006.94
2024-04-19,Freight Shipping,South,Individual,5,4250.04,0.3,14875.14
2024-03-07,Courier Services,West,Individual,20,2164.09,0.25,32461.35
2024-10-11,Warehousing,East,Corporate,12,2239.5,0.11,23917.86
2024-10-08,Warehousing,West,Individual,2,2710.29,0.11,4824.32
2024-02-03,Warehousing,West,Corporate,50,1171.5,0.27,42759.75
2024-01-06,Freight Shipping,South,Individual,48,2003.95,0.01,95227.7
2024-12-27,Courier Services,North,Individual,14,3357.54,0.21,37134.39
2024-12-01,Freight Shipping,East,Individual,39,2068.05,0.17,66942.78
2024-09-26,Warehousing,West,Individual,36,190.89,0.1,6184.84
2024-03-26,Warehousing,South,Individual,17,4324.69,0.04,70578.94
2024-05-09,Warehousing,West,Corporate,16,3186.21,0.05,48430.39
2024-07-25,Warehousing,West,Individual,27,257.31,0.06,6530.53
2024-12-22,Warehousing,North,Corporate,17,3415.87,0.04,55747.0
2024-05-21,Courier Services,East,Corporate,23,397.7,0.03,8872.69
2024-04-21,Freight Shipping,East,Corporate,34,1762.37,0.09,54527.73
2024-03-07,Courier Services,North,Corporate,1,1832.01,0.27,1337.37
2024-05-12,Freight Shipping,East,Corporate,25,1163.15,0.05,27624.81
2024-12-14,Courier Services,East,Corporate,35,3577.37,0.23,96410.12
2024-08-16,Freight Shipping,North,Individual,21,4973.26,0.12,91905.84
2024-12-30,Freight Shipping,East,Individual,9,2889.7,0.21,20545.77
2024-10-23,Freight Shipping,South,Corporate,32,4738.63,0.19,122825.29
2024-10-29,Courier Services,West,Individual,50,2488.97,0.15,105781.22
2024-02-20,Courier Services,North,Corporate,14,3822.17,0.26,39597.68
2024-05-07,Courier Services,North,Individual,21,2372.48,0.26,36868.34
2024-09-27,Courier Services,North,Individual,26,3149.82,0.03,79438.46
2024-03-18,Freight Shipping,West,Individual,16,1014.46,0.05,15419.79
2024-06-14,Courier Services,North,Individual,12,3407.59,0.11,36393.06
2024-05-09,Freight Shipping,West,Corporate,48,1000.08,0.2,38403.07
2024-11-17,Freight Shipping,West,Corporate,8,1978.51,0.02,15511.52
2024-05-16,Courier Services,North,Individual,36,1617.19,0.1,52396.96
2024-05-15,Warehousing,South,Corporate,8,186.81,0.25,1120.86
2024-08-30,Warehousing,South,Corporate,9,3693.74,0.24,25265.18
2024-01-31,Freight Shipping,North,Corporate,43,4286.56,0.27,134555.12
2024-10-28,Freight Shipping,West,Corporate,2,2170.04,0.26,3211.66
2024-04-11,Courier Services,North,Individual,46,2507.4,0.0,115340.4
2024-03-19,Courier Services,East,Corporate,16,567.51,0.17,7536.53
2024-02-24,Courier Services,North,Corporate,18,4322.95,0.18,63806.74
2024-07-06,Freight Shipping,West,Corporate,22,1257.96,0.06,26014.61
2024-07-07,Warehousing,South,Corporate,38,829.67,0.17,26167.79
2024-05-04,Warehousing,West,Individual,11,1839.42,0.17,16793.9
2024-01-30,Warehousing,East,Corporate,50,4326.81,0.19,175235.81
2024-08-26,Warehousing,South,Individual,7,2079.83,0.16,12229.4
2024-09-17,Warehousing,East,Corporate,48,4905.14,0.22,183648.44
2024-04-18,Warehousing,South,Individual,38,823.17,0.2,25024.37
2024-02-19,Freight Shipping,South,Individual,31,4589.75,0.29,101020.4
2024-05-31,Courier Services,South,Individual,23,2172.61,0.05,47471.53
2024-03-03,Courier Services,North,Individual,21,1835.33,0.27,28135.61
2024-04-23,Warehousing,East,Individual,4,3776.51,0.08,13897.56
2024-05-17,Courier Services,East,Corporate,19,447.97,0.14,7319.83
2024-12-05,Freight Shipping,North,Individual,35,196.52,0.3,4814.74
2024-02-07,Freight Shipping,East,Corporate,17,4593.08,0.18,64027.54
2024-02-29,Courier Services,East,Corporate,22,1730.32,0.24,28930.95
2024-08-25,Courier Services,East,Corporate,49,3666.46,0.18,147318.36
2024-06-03,Courier Services,South,Corporate,32,3504.8,0.19,90844.42
2024-06-21,Freight Shipping,South,Individual,23,1774.55,0.08,37549.48
2024-02-13,Warehousing,East,Individual,21,391.97,0.22,6420.47
2024-04-23,Warehousing,West,Corporate,26,3042.15,0.03,76723.02
2024-02-07,Freight Shipping,North,Individual,31,798.65,0.14,21292.01
2024-08-12,Courier Services,North,Corporate,32,4838.57,0.19,125415.73
2024-12-01,Courier Services,West,Individual,47,1883.55,0.04,84985.78
2024-02-28,Freight Shipping,South,Corporate,9,583.31,0.21,4147.33
2024-08-31,Courier Services,East,Individual,1,4898.59,0.02,4800.62
2024-01-16,Courier Services,South,Corporate,6,4069.14,0.21,19287.72
2024-06-15,Courier Services,North,Individual,8,4405.79,0.04,33836.47
2024-09-06,Freight Shipping,West,Corporate,19,4889.55,0.1,83611.3
2024-01-01,Courier Services,East,Individual,46,321.54,0.1,13311.76
2024-01-23,Courier Services,East,Individual,32,2244.86,0.26,53158.28
2024-02-29,Warehousing,North,Individual,44,2171.83,0.16,80270.84
2024-12-16,Courier Services,North,Corporate,28,4057.17,0.22,88608.59
2024-06-03,Warehousing,South,Individual,35,2777.18,0.05,92341.23
2024-08-05,Freight Shipping,North,Individual,35,932.61,0.21,25786.67
2024-10-23,Warehousing,South,Individual,23,2245.55,0.08,47515.84
2024-11-08,Freight Shipping,South,Corporate,37,1007.39,0.04,35782.49
2024-11-16,Courier Services,South,Individual,40,4995.16,0.17,165839.31
2024-08-14,Warehousing,South,Corporate,37,3366.76,0.24,94673.29
2024-11-03,Courier Services,South,Individual,1,2613.07,0.03,2534.68
2024-03-22,Warehousing,East,Individual,48,3726.5,0.23,137731.44
2024-08-27,Warehousing,North,Individual,6,3748.0,0.25,16866.0
2024-08-06,Warehousing,East,Individual,20,3120.6,0.14,53674.32
2024-04-07,Courier Services,East,Individual,6,3675.17,0.08,20286.94
2024-10-28,Warehousing,North,Corporate,3,4158.37,0.05,11851.35
2024-02-18,Warehousing,North,Individual,15,2708.33,0.22,31687.46
2024-01-14,Courier Services,East,Corporate,16,2448.43,0.15,33298.65
2024-02-03,Freight Shipping,West,Individual,33,2054.22,0.16,56942.98
2024-11-04,Warehousing,South,Corporate,30,528.34,0.0,15850.2
2024-01-05,Courier Services,East,Individual,24,512.66,0.07,11442.57
2024-01-06,Freight Shipping,East,Individual,35,401.45,0.19,11381.11
2024-09-29,Courier Services,South,Corporate,15,4774.41,0.02,70183.83
2024-03-18,Warehousing,South,Individual,45,1550.1,0.25,52315.88
2024-02-05,Freight Shipping,South,Individual,37,2819.6,0.04,100152.19
2024-07-14,Freight Shipping,South,Corporate,19,1029.85,0.1,17610.43
2024-11-04,Warehousing,West,Individual,37,3540.37,0.17,108724.76
2024-01-18,Courier Services,East,Corporate,27,2277.77,0.26,45509.84
2024-01-11,Freight Shipping,North,Corporate,26,4122.54,0.26,79317.67
2024-10-21,Freight Shipping,North,Individual,39,112.31,0.15,3723.08
2024-01-29,Warehousing,North,Individual,47,2858.8,0.27,98085.43
2024-05-06,Warehousing,West,Corporate,6,888.26,0.18,4370.24
2024-06-13,Courier Services,East,Corporate,7,3825.31,0.04,25706.08
2024-10-31,Courier Services,North,Individual,50,612.63,0.13,26649.4
2024-09-17,Courier Services,North,Corporate,32,326.3,0.24,7935.62
2024-05-13,Courier Services,North,Corporate,8,4718.63,0.1,33974.14
2024-04-30,Freight Shipping,West,Individual,38,759.52,0.05,27418.67
2024-03-14,Warehousing,North,Corporate,33,2875.19,0.04,91086.02
2024-12-18,Freight Shipping,West,Individual,27,2926.16,0.24,60044.8
2024-04-22,Courier Services,North,Corporate,30,180.27,0.23,4164.24
2024-09-25,Freight Shipping,North,Individual,30,985.28,0.14,25420.22
2024-01-21,Courier Services,North,Corporate,31,4156.4,0.03,124982.95
2024-02-13,Freight Shipping,West,Corporate,45,150.09,0.14,5808.48
2024-03-24,Freight Shipping,South,Corporate,8,1271.21,0.21,8034.05
2024-08-28,Courier Services,East,Corporate,43,701.76,0.14,25951.08
2024-07-02,Courier Services,South,Individual,45,291.63,0.28,9448.81
2024-10-22,Warehousing,South,Individual,6,121.71,0.2,584.21
2024-09-21,Warehousing,West,Corporate,29,412.61,0.23,9213.58
2024-12-09,Warehousing,East,Corporate,6,3116.96,0.15,15896.5
2024-12-07,Courier Services,North,Corporate,10,625.6,0.17,5192.48
2024-02-16,Courier Services,West,Corporate,12,4776.57,0.02,56172.46
2024-05-15,Courier Services,South,Corporate,23,368.33,0.0,8471.59
2024-07-13,Freight Shipping,East,Individual,15,1611.27,0.02,23685.67
2024-10-16,Courier Services,South,Corporate,40,66.82,0.27,1951.14
2024-12-21,Courier Services,North,Corporate,14,4677.51,0.28,47149.3
2024-02-07,Courier Services,West,Individual,32,4820.37,0.0,154251.84
2024-10-07,Freight Shipping,South,Individual,42,2715.86,0.23,87830.91
2024-04-02,Freight Shipping,West,Corporate,36,3179.49,0.11,101870.86
2024-10-01,Freight Shipping,West,Individual,19,4773.33,0.15,77089.28
2024-01-27,Courier Services,South,Corporate,48,803.88,0.22,30097.27
2024-06-16,Courier Services,South,Individual,30,2929.5,0.06,82611.9
2024-04-21,Freight Shipping,West,Individual,42,3202.49,0.08,123744.21
2024-07-07,Courier Services,North,Corporate,28,2350.73,0.21,51998.15
2024-09-24,Warehousing,East,Individual,44,1499.7,0.17,54769.04
2024-05-12,Freight Shipping,East,Individual,12,4274.99,0.29,36422.91
2024-10-04,Freight Shipping,East,Individual,9,1993.96,0.09,16330.53
2024-11-11,Warehousing,East,Individual,13,2831.38,0.29,26133.64
2024-06-05,Warehousing,South,Corporate,6,3491.24,0.08,19271.64
2024-12-20,Freight Shipping,East,Individual,47,745.02,0.16,29413.39
2024-02-21,Warehousing,West,Corporate,27,1699.04,0.28,33029.34
2024-02-29,Courier Services,North,Corporate,26,3052.96,0.13,69057.96
2024-08-10,Courier Services,West,Individual,37,4099.38,0.25,113757.8
2024-09-19,Courier Services,North,Corporate,32,2315.73,0.04,71139.23
2024-06-17,Freight Shipping,South,Corporate,16,2511.82,0.23,30945.62
2024-05-22,Warehousing,West,Corporate,19,3334.76,0.02,62093.23
2024-12-29,Warehousing,East,Corporate,43,1146.57,0.11,43879.23
2024-05-30,Warehousing,South,Corporate,20,670.76,0.01,13281.05
2024-11-11,Courier Services,West,Corporate,20,2086.23,0.22,32545.19
2024-01-07,Courier Services,East,Corporate,31,2603.38,0.28,58107.44
2024-09-04,Freight Shipping,West,Individual,19,609.58,0.19,9381.44
2024-07-30,Freight Shipping,West,Individual,23,4047.5,0.16,78197.7
2024-04-07,Courier Services,West,Corporate,5,409.19,0.13,1779.98
2024-11-09,Warehousing,West,Individual,32,1383.39,0.17,36742.84
2024-11-26,Warehousing,North,Individual,25,4452.41,0.18,91274.41
2024-01-17,Courier Services,West,Individual,38,2633.43,0.16,84059.09
2024-09-23,Freight Shipping,West,Individual,41,4448.14,0.01,180550.0
2024-02-08,Freight Shipping,East,Corporate,17,2963.1,0.1,45335.43
2024-07-16,Warehousing,West,Individual,26,2240.99,0.0,58265.74
2024-10-26,Warehousing,West,Individual,48,4118.78,0.24,150253.09
2024-01-28,Freight Shipping,North,Individual,38,3370.14,0.01,126784.67
2024-09-08,Courier Services,North,Corporate,10,4515.24,0.05,42894.78
2024-12-06,Courier Services,North,Individual,5,1328.22,0.28,4781.59
2024-10-19,Courier Services,South,Corporate,11,329.78,0.05,3446.2
2024-02-03,Courier Services,South,Corporate,17,491.87,0.21,6605.81
2024-04-17,Courier Services,West,Individual,12,2674.24,0.24,24389.07
2024-10-31,Freight Shipping,East,Individual,44,3063.92,0.12,118634.98
2024-03-02,Freight Shipping,East,Individual,3,977.61,0.28,2111.64
2024-03-28,Courier Services,North,Individual,46,1965.03,0.26,66889.62
2024-12-26,Freight Shipping,North,Individual,50,4810.28,0.0,240514.0
2024-02-29,Freight Shipping,West,Corporate,3,1101.36,0.01,3271.04
2024-05-12,Freight Shipping,North,Corporate,40,3538.28,0.22,110394.34
2024-08-01,Freight Shipping,North,Individual,17,2089.25,0.14,30544.84
2024-10-05,Courier Services,East,Individual,26,4140.15,0.23,82885.8
2024-07-27,Freight Shipping,West,Corporate,30,4375.36,0.04,126010.37
2024-09-13,Warehousing,South,Corporate,26,1938.16,0.06,47368.63
2024-04-13,Warehousing,South,Corporate,28,2697.49,0.2,60423.78
2024-12-19,Courier Services,South,Corporate,43,2700.9,0.1,104524.83
2024-11-06,Courier Services,East,Individual,36,2192.38,0.09,71822.37
2024-09-05,Warehousing,East,Corporate,48,1470.58,0.04,67764.33
2024-01-20,Courier Services,East,Individual,40,256.28,0.03,9943.66
2024-01-16,Courier Services,West,Individual,22,454.98,0.08,9208.8
2024-09-28,Warehousing,East,Individual,20,3771.12,0.06,70897.06
2024-06-12,Warehousing,South,Individual,50,4847.79,0.12,213302.76
2024-01-15,Courier Services,East,Individual,15,3064.89,0.17,38157.88
2024-09-11,Courier Services,West,Individual,32,2525.42,0.28,58185.68
2024-07-18,Freight Shipping,South,Individual,6,3302.99,0.05,18827.04
2024-11-05,Courier Services,North,Corporate,34,2565.96,0.26,64559.55
2024-07-21,Freight Shipping,North,Corporate,28,4394.98,0.23,94755.77
2024-01-25,Courier Services,South,Individual,23,3742.33,0.01,85212.85
2024-10-12,Freight Shipping,South,Individual,14,3899.59,0.15,46405.12
2024-11-11,Warehousing,South,Individual,32,1101.43,0.08,32426.1
2024-02-09,Warehousing,North,Corporate,28,99.57,0.09,2537.04
2024-08-19,Courier Services,South,Individual,20,2772.28,0.09,50455.5
2024-11-14,Courier Services,South,Corporate,35,150.67,0.25,3955.09
2024-12-15,Freight Shipping,North,Individual,20,3980.58,0.08,73242.67
2024-04-07,Warehousing,East,Individual,11,4011.42,0.27,32211.7
2024-09-19,Courier Services,South,Corporate,11,69.74,0.25,575.36
2024-03-14,Warehousing,East,Individual,48,2598.7,0.24,94800.58
2024-01-31,Courier Services,South,Individual,48,3786.34,0.26,134490.8
2024-08-27,Warehousing,West,Individual,29,3106.77,0.3,63067.43
2024-03-12,Warehousing,South,Individual,40,3847.14,0.07,143113.61
2024-02-18,Freight Shipping,South,Individual,26,1653.08,0.0,42980.08
2024-10-06,Courier Services,North,Corporate,25,2550.53,0.21,50372.97
2024-02-03,Freight Shipping,North,Corporate,14,4649.67,0.02,63793.47
2024-07-06,Warehousing,East,Corporate,32,4761.97,0.24,115811.11
2024-09-24,Warehousing,South,Individual,48,2110.5,0.2,81043.2
2024-03-05,Warehousing,South,Corporate,32,3286.96,0.15,89405.31
2024-02-27,Warehousing,West,Corporate,34,450.45,0.08,14090.08
2024-09-13,Warehousing,East,Individual,15,3835.29,0.22,44872.89
2024-02-25,Freight Shipping,West,Individual,22,3448.94,0.21,59942.58
2024-06-29,Warehousing,South,Corporate,43,4287.93,0.06,173318.13
2024-01-01,Courier Services,North,Corporate,23,1996.6,0.29,32604.48
2024-09-07,Freight Shipping,West,Individual,23,4241.96,0.25,73173.81
2024-07-15,Freight Shipping,East,Corporate,34,3148.08,0.25,80276.04
2024-10-29,Warehousing,East,Individual,28,3964.81,0.2,88811.74
2024-02-21,Freight Shipping,East,Corporate,12,2784.09,0.06,31404.54
2024-09-21,Courier Services,West,Corporate,12,3645.09,0.19,35430.27
2024-10-25,Warehousing,East,Individual,46,4556.67,0.08,192838.27
2024-11-02,Warehousing,West,Corporate,48,2049.58,0.12,86574.26
2024-11-06,Courier Services,North,Individual,32,612.59,0.06,18426.71
2024-02-24,Courier Services,North,Corporate,11,190.3,0.27,1528.11
2024-01-11,Courier Services,West,Corporate,1,3981.71,0.11,3543.72
2024-08-30,Courier Services,South,Individual,34,1860.29,0.13,55027.38
2024-02-14,Freight Shipping,West,Corporate,18,787.89,0.01,14040.2
2024-02-19,Warehousing,East,Individual,31,3861.03,0.03,116101.17
2024-05-26,Freight Shipping,North,Individual,14,2815.01,0.15,33498.62
2024-10-11,Courier Services,East,Individual,1,74.02,0.03,71.8
2024-03-21,Courier Services,South,Corporate,1,3344.3,0.0,3344.3
2024-03-17,Freight Shipping,West,Individual,14,2026.03,0.04,27229.84
2024-08-19,Freight Shipping,West,Corporate,21,4872.79,0.24,77769.73
2024-04-04,Freight Shipping,East,Corporate,42,4463.07,0.02,183699.96
2024-06-01,Courier Services,East,Individual,21,1943.28,0.03,39584.61
2024-09-07,Courier Services,North,Individual,14,1998.34,0.22,21821.87
2024-12-03,Warehousing,North,Individual,6,1634.14,0.26,7255.58
2024-01-07,Warehousing,East,Corporate,24,4035.81,0.28,69738.8
2024-02-19,Courier Services,South,Individual,21,299.76,0.26,4658.27
2024-02-24,Courier Services,East,Corporate,2,1426.99,0.08,2625.66
2024-02-04,Freight Shipping,West,Corporate,25,523.84,0.09,11917.36
2024-11-05,Warehousing,East,Corporate,28,3771.45,0.05,100320.57
2024-02-28,Courier Services,South,Corporate,23,3455.19,0.11,70727.74
2024-03-21,Freight Shipping,West,Individual,49,1448.07,0.14,61021.67
2024-06-15,Courier Services,West,Corporate,49,3192.61,0.14,134536.59
2024-10-22,Freight Shipping,West,Corporate,26,1433.44,0.17,30933.64
2024-06-02,Warehousing,West,Individual,35,1428.9,0.02,49011.27
2024-11-13,Freight Shipping,South,Corporate,7,1529.4,0.25,8029.35
2024-11-12,Warehousing,West,Corporate,6,2505.59,0.29,10673.81
2024-05-06,Courier Services,South,Individual,36,1285.14,0.14,39787.93
2024-11-19,Freight Shipping,North,Individual,13,1980.02,0.1,23166.23
2024-12-13,Freight Shipping,North,Corporate,38,2206.13,0.14,72096.33
2024-11-09,Courier Services,West,Corporate,49,3243.36,0.02,155746.15
2024-10-17,Freight Shipping,East,Corporate,8,4286.16,0.08,31546.14
2024-07-08,Freight Shipping,West,Individual,43,4612.05,0.06,186419.06
2024-02-04,Warehousing,North,Corporate,32,1100.9,0.25,26421.6
2024-07-29,Warehousing,East,Individual,36,4168.22,0.06,141052.56
2024-06-27,Courier Services,West,Individual,20,4309.99,0.01,85337.8
2024-11-03,Freight Shipping,North,Individual,42,119.45,0.18,4113.86
2024-01-31,Freight Shipping,East,Individual,20,474.78,0.12,8356.13
2024-01-11,Freight Shipping,West,Corporate,15,1502.28,0.2,18027.36
2024-04-28,Courier Services,North,Corporate,45,4330.22,0.24,148093.52
2024-10-25,Freight Shipping,West,Individual,48,4404.54,0.16,177591.05
2024-10-30,Warehousing,South,Corporate,14,4146.53,0.04,55729.36
2024-07-26,Freight Shipping,East,Corporate,34,2222.31,0.01,74802.95
2024-03-14,Freight Shipping,East,Corporate,32,3770.14,0.23,92896.25
2024-07-11,Courier Services,South,Corporate,39,1591.15,0.18,50884.98
2024-09-23,Courier Services,East,Corporate,13,1170.06,0.2,12168.62
2024-04-29,Warehousing,North,Individual,20,3822.26,0.3,53511.64
2024-08-08,Courier Services,East,Corporate,40,4193.11,0.23,129147.79
2024-02-10,Warehousing,West,Corporate,3,118.79,0.05,338.55
2024-02-18,Warehousing,North,Individual,4,1339.62,0.11,4769.05
2024-03-05,Freight Shipping,West,Individual,37,2139.75,0.29,56211.23
2024-12-12,Freight Shipping,East,Individual,42,4850.78,0.16,171135.52
2024-08-22,Freight Shipping,West,Individual,19,2449.67,0.05,44216.54
2024-04-29,Courier Services,West,Individual,42,423.58,0.04,17078.75
2024-11-20,Courier Services,West,Corporate,32,523.89,0.11,14920.39
2024-09-23,Courier Services,West,Individual,32,2408.77,0.27,56268.87
2024-10-04,Courier Services,North,Individual,25,1775.51,0.1,39948.98
2024-09-14,Courier Services,South,Individual,14,1120.91,0.02,15378.89
2024-05-23,Courier Services,North,Individual,19,4456.85,0.03,82139.75
2024-09-22,Freight Shipping,West,Corporate,11,3117.78,0.28,24692.82
2024-03-09,Freight Shipping,North,Individual,16,3267.43,0.0,52278.88
2024-11-17,Courier Services,North,Corporate,35,3699.83,0.27,94530.66
2024-05-25,Courier Services,West,Corporate,12,1597.54,0.1,17253.43
2024-03-03,Freight Shipping,North,Corporate,47,3281.74,0.04,148072.11
2024-03-19,Courier Services,South,Individual,11,1617.97,0.25,13348.25
2024-09-23,Courier Services,East,Individual,8,3942.77,0.25,23656.62
2024-11-11,Warehousing,South,Corporate,34,3125.55,0.28,76513.46
2024-01-24,Freight Shipping,North,Corporate,2,1492.95,0.12,2627.59
2024-11-10,Warehousing,North,Individual,24,679.75,0.12,14356.32
2024-04-13,Warehousing,East,Corporate,2,4489.32,0.15,7631.84
2024-11-18,Freight Shipping,West,Individual,38,4698.57,0.07,166047.46
2024-04-27,Freight Shipping,North,Individual,1,258.27,0.08,237.61
2024-02-27,Freight Shipping,South,Individual,16,2795.79,0.11,39812.05
2024-03-01,Warehousing,West,Corporate,39,3983.4,0.19,125835.61
2024-12-31,Warehousing,North,Individual,5,2523.42,0.27,9210.48
2024-07-30,Courier Services,North,Individual,10,3269.91,0.26,24197.33
2024-12-17,Freight Shipping,North,Corporate,43,1374.72,0.21,46699.24
2024-06-10,Courier Services,North,Individual,33,3300.29,0.29,77325.79
2024-10-21,Warehousing,East,Corporate,38,3716.59,0.16,118633.55
2024-08-12,Freight Shipping,West,Corporate,46,3945.65,0.17,150644.92
2024-03-01,Freight Shipping,North,Corporate,27,4916.14,0.28,95569.76
2024-02-02,Courier Services,South,Individual,21,4762.91,0.18,82017.31
2024-10-20,Warehousing,East,Individual,33,4331.52,0.06,134363.75
2024-04-14,Courier Services,East,Individual,36,1370.87,0.13,42935.65
2024-10-05,Warehousing,South,Corporate,19,4134.86,0.27,57350.51
2024-09-13,Warehousing,North,Individual,2,1924.68,0.09,3502.92
2024-10-06,Freight Shipping,South,Corporate,1,1851.93,0.22,1444.51
2024-05-13,Freight Shipping,West,Individual,30,4474.83,0.2,107395.92
2024-09-01,Warehousing,East,Corporate,25,217.74,0.01,5389.06
2024-04-22,Freight Shipping,West,Individual,27,1905.12,0.03,49895.09
2024-11-14,Warehousing,West,Individual,21,1882.35,0.1,35576.42
2024-12-20,Warehousing,West,Corporate,23,3851.76,0.07,82389.15
2024-01-09,Freight Shipping,West,Corporate,50,4830.84,0.19,195649.02
2024-01-01,Freight Shipping,East,Individual,34,1325.76,0.06,42371.29
2024-10-03,Freight Shipping,East,Corporate,23,3523.64,0.1,72939.35
2024-06-22,Warehousing,North,Individual,29,948.8,0.02,26964.9
2024-04-18,Warehousing,North,Corporate,43,4246.53,0.23,140602.61
2024-07-10,Freight Shipping,East,Individual,13,3644.19,0.21,37425.83
2024-09-13,Warehousing,South,Individual,6,1178.19,0.17,5867.39
2024-03-25,Warehousing,East,Corporate,31,2999.07,0.04,89252.32
2024-10-22,Freight Shipping,East,Corporate,35,4820.77,0.03,163665.14
2024-06-27,Warehousing,West,Individual,35,1405.82,0.02,48219.63
2024-12-30,Warehousing,South,Individual,4,1525.22,0.0,6100.88
2024-05-05,Courier Services,West,Individual,45,4483.53,0.27,147283.96
2024-01-04,Warehousing,East,Individual,8,1826.82,0.14,12568.52
2024-08-23,Freight Shipping,North,Corporate,13,1965.57,0.21,20186.4
2024-02-24,Warehousing,South,Corporate,49,3466.9,0.13,147793.95
2024-12-20,Freight Shipping,North,Corporate,16,1778.98,0.06,26755.86
2024-01-02,Warehousing,North,Corporate,31,493.13,0.26,11312.4
2024-07-03,Warehousing,East,Individual,40,4007.23,0.08,147466.06
2024-12-13,Courier Services,South,Corporate,24,1499.32,0.11,32025.48
2024-03-28,Courier Services,South,Individual,24,3461.3,0.17,68949.1
2024-11-11,Warehousing,West,Corporate,50,677.86,0.07,31520.49
2024-01-05,Courier Services,South,Individual,7,4553.09,0.14,27409.6
2024-04-29,Courier Services,South,Corporate,31,4056.91,0.19,101869.01
2024-11-22,Courier Services,South,Corporate,40,1048.92,0.23,32306.74
2024-02-29,Courier Services,South,Individual,29,3704.55,0.18,88094.2
2024-02-03,Freight Shipping,South,Corporate,4,1713.06,0.28,4933.61
2024-01-30,Warehousing,North,Corporate,35,2328.61,0.11,72536.2
2024-10-26,Courier Services,East,Individual,39,4114.1,0.21,126755.42
2024-05-11,Freight Shipping,South,Individual,40,818.31,0.2,26185.92
2024-03-28,Freight Shipping,West,Individual,30,3485.42,0.11,93060.71
2024-10-04,Warehousing,North,Corporate,31,4923.22,0.29,108360.07
2024-12-27,Freight Shipping,East,Corporate,48,2084.58,0.11,89053.26
2024-06-02,Courier Services,North,Individual,24,710.16,0.16,14316.83
2024-02-10,Warehousing,East,Corporate,40,1614.5,0.16,54247.2
2024-09-13,Courier Services,West,Corporate,5,4054.7,0.01,20070.76
2024-04-10,Courier Services,West,Corporate,8,386.0,0.08,2840.96
2024-03-30,Freight Shipping,South,Individual,2,4003.27,0.28,5764.71
2024-06-21,Warehousing,East,Corporate,50,4015.43,0.19,162624.92
2024-02-09,Warehousing,West,Corporate,9,2702.8,0.0,24325.2
2024-09-04,Warehousing,West,Individual,6,845.1,0.06,4766.36
2024-12-10,Freight Shipping,North,Corporate,6,4735.82,0.09,25857.58
2024-09-22,Warehousing,West,Corporate,7,3255.35,0.07,21192.33
2024-04-05,Freight Shipping,North,Individual,40,4407.18,0.22,137504.02
2024-11-20,Freight Shipping,West,Corporate,45,67.16,0.27,2206.21
2024-06-23,Warehousing,North,Individual,47,4731.1,0.08,204572.76
2024-02-13,Courier Services,West,Individual,32,1725.24,0.21,43614.07
2024-11-27,Warehousing,East,Corporate,4,208.76,0.05,793.29
2024-12-17,Freight Shipping,North,Individual,13,3579.41,0.27,33968.6
2024-04-19,Courier Services,North,Individual,17,2592.92,0.23,33941.32
2024-08-07,Courier Services,North,Corporate,34,4142.05,0.08,129563.32
2024-08-09,Freight Shipping,West,Individual,32,3885.52,0.28,89522.38
2024-11-27,Warehousing,South,Individual,49,3470.34,0.05,161544.33
2024-03-14,Courier Services,North,Individual,33,3619.13,0.22,93156.41
2024-12-30,Warehousing,North,Corporate,46,3594.95,0.25,124025.78
2024-06-01,Freight Shipping,South,Corporate,31,885.49,0.08,25254.17
2024-11-22,Warehousing,South,Corporate,29,2425.76,0.26,52056.81
2024-10-02,Freight Shipping,South,Corporate,3,166.55,0.05,474.67
2024-11-03,Freight Shipping,South,Individual,2,2238.99,0.24,3403.26
2024-08-19,Freight Shipping,North,Corporate,19,2449.97,0.09,42359.98
2024-12-03,Warehousing,North,Individual,11,3434.36,0.16,31733.49
2024-02-05,Freight Shipping,West,Corporate,44,1732.5,0.17,63270.9
2024-11-10,Courier Services,West,Corporate,6,157.03,0.19,763.17
2024-02-16,Warehousing,South,Individual,48,3933.62,0.13,164267.97
2024-08-25,Freight Shipping,North,Corporate,45,3114.78,0.08,128951.89
2024-07-21,Freight Shipping,South,Individual,1,1796.86,0.19,1455.46
2024-11-28,Freight Shipping,North,Corporate,15,2423.41,0.11,32352.52
2024-10-04,Warehousing,South,Individual,1,2957.29,0.1,2661.56
2024-10-02,Courier Services,North,Corporate,20,4235.46,0.08,77932.46
2024-10-02,Freight Shipping,North,Corporate,40,916.37,0.07,34088.96
2024-10-10,Courier Services,East,Individual,44,4451.71,0.01,193916.49
2024-06-25,Freight Shipping,East,Corporate,47,1003.25,0.2,37722.2
2024-12-09,Courier Services,North,Corporate,2,4959.64,0.23,7637.85
2024-12-04,Freight Shipping,North,Corporate,30,2283.01,0.25,51367.73
2024-12-04,Freight Shipping,East,Corporate,13,4465.49,0.26,42958.01
2024-05-16,Freight Shipping,East,Individual,39,4233.77,0.21,130442.45
2024-06-03,Freight Shipping,East,Corporate,39,2073.95,0.28,58236.52
2024-01-22,Courier Services,West,Individual,24,3710.72,0.08,81932.7
2024-12-20,Warehousing,East,Individual,46,2222.88,0.13,88959.66
2024-03-10,Freight Shipping,North,Individual,25,804.86,0.0,20121.5
2024-01-30,Freight Shipping,East,Corporate,15,1118.5,0.05,15938.62
2024-09-02,Courier Services,East,Corporate,11,181.62,0.13,1738.1
2024-11-14,Freight Shipping,West,Corporate,23,3161.74,0.14,62539.22
2024-11-16,Freight Shipping,South,Corporate,24,1664.95,0.24,30368.69
2024-11-24,Courier Services,West,Corporate,17,1300.5,0.13,19234.4
2024-10-23,Freight Shipping,South,Corporate,40,1598.33,0.02,62654.54
2024-11-14,Courier Services,West,Corporate,28,1255.44,0.14,30231.0
2024-11-13,Courier Services,South,Individual,34,3421.47,0.15,98880.48
2024-04-26,Courier Services,South,Individual,37,3564.06,0.17,109452.28
2024-07-18,Courier Services,West,Individual,12,3935.05,0.1,42498.54
2024-11-07,Warehousing,East,Individual,8,2947.3,0.2,18862.72
2024-08-16,Courier Services,East,Corporate,24,2232.12,0.28,38571.03
2024-02-14,Freight Shipping,North,Corporate,46,1336.69,0.04,59028.23
2024-06-10,Freight Shipping,North,Corporate,46,2957.88,0.14,117013.73
2024-05-26,Freight Shipping,North,Corporate,2,2646.31,0.14,4551.65
2024-10-22,Warehousing,South,Corporate,24,1329.02,0.01,31577.52
2024-06-21,Courier Services,South,Corporate,43,1761.43,0.01,74984.08
2024-08-06,Courier Services,South,Individual,4,1323.89,0.21,4183.49
2024-06-18,Warehousing,South,Individual,29,1437.43,0.09,37933.78
2024-08-27,Freight Shipping,North,Corporate,38,2313.91,0.02,86170.01
2024-10-04,Warehousing,South,Individual,49,3929.96,0.29,136723.31
2024-02-03,Courier Services,South,Individual,38,2549.27,0.03,93966.09
2024-02-13,Warehousing,South,Corporate,10,165.32,0.26,1223.37
2024-10-15,Warehousing,North,Individual,16,1231.5,0.13,17142.48
2024-02-05,Freight Shipping,West,Corporate,20,2027.25,0.03,39328.65
2024-04-06,Freight Shipping,East,Individual,9,3029.73,0.22,21268.7
2024-09-23,Courier Services,North,Individual,14,4790.61,0.12,59020.32
2024-01-31,Freight Shipping,East,Corporate,29,1651.98,0.2,38325.94
2024-05-30,Courier Services,South,Individual,13,3097.4,0.15,34226.27
2024-10-02,Warehousing,West,Individual,5,3974.98,0.23,15303.67
2024-09-12,Warehousing,North,Corporate,18,4861.26,0.26,64751.98
2024-10-16,Freight Shipping,North,Corporate,24,2489.3,0.09,54366.31
2024-05-27,Warehousing,East,Individual,36,3896.95,0.3,98203.14
2024-05-21,Warehousing,South,Corporate,46,82.05,0.11,3359.13
2024-06-14,Courier Services,West,Corporate,4,3882.35,0.21,12268.23
2024-12-19,Freight Shipping,West,Corporate,43,1834.4,0.16,66258.53
2024-09-18,Freight Shipping,West,Individual,46,3216.24,0.04,142029.16
2024-10-02,Warehousing,West,Individual,15,4629.87,0.05,65975.65
2024-02-12,Warehousing,South,Corporate,36,1734.48,0.13,54323.91
2024-07-29,Warehousing,North,Corporate,28,3890.32,0.06,102393.22
2024-11-09,Courier Services,North,Corporate,40,3612.25,0.13,125706.3
2024-06-25,Courier Services,West,Individual,49,3051.46,0.14,128588.52
2024-02-29,Courier Services,East,Individual,19,4639.09,0.09,80209.87
2024-08-30,Courier Services,West,Corporate,47,4157.83,0.15,166105.31
2024-08-04,Warehousing,East,Individual,43,2093.43,0.11,80115.57
2024-11-30,Freight Shipping,South,Corporate,12,4341.45,0.24,39594.02
2024-02-24,Warehousing,East,Corporate,19,702.83,0.27,9748.25
2024-12-19,Courier Services,South,Individual,14,3033.17,0.26,31423.64
2024-01-04,Warehousing,East,Corporate,38,2418.34,0.24,69841.66
2024-05-18,Warehousing,West,Individual,42,3982.45,0.15,142173.46
2024-11-18,Warehousing,East,Corporate,34,1285.74,0.11,38906.49
2024-01-31,Courier Services,North,Individual,14,2698.6,0.04,36269.18
2024-09-22,Warehousing,North,Individual,6,2692.26,0.01,15992.02
2024-04-05,Freight Shipping,East,Corporate,44,2315.53,0.03,98826.82
2024-09-03,Courier Services,North,Individual,23,3676.51,0.05,80331.74
2024-10-04,Freight Shipping,West,Corporate,43,2153.74,0.2,74088.66
2024-02-25,Freight Shipping,South,Individual,16,2125.81,0.09,30951.79
2024-04-06,Courier Services,East,Corporate,49,808.73,0.2,31702.22
2024-08-24,Freight Shipping,North,Individual,10,2980.35,0.11,26525.12
2024-04-14,Warehousing,North,Individual,4,1236.27,0.0,4945.08
2024-09-14,Warehousing,South,Corporate,47,3192.55,0.07,139546.36
2024-03-19,Freight Shipping,South,Individual,37,519.13,0.24,14597.94
2024-11-24,Courier Services,North,Corporate,22,4672.0,0.23,79143.68
2024-03-10,Warehousing,North,Corporate,43,123.05,0.12,4656.21
2024-07-03,Freight Shipping,West,Individual,45,2265.03,0.22,79502.55
2024-03-20,Freight Shipping,East,Corporate,9,4800.86,0.07,40183.2
2024-06-09,Freight Shipping,South,Individual,10,4598.4,0.24,34947.84
2024-12-18,Courier Services,South,Individual,1,270.54,0.13,235.37
2024-02-17,Freight Shipping,South,Corporate,33,1949.96,0.09,58557.3
2024-03-07,Warehousing,East,Individual,31,1110.81,0.22,26859.39
2024-12-14,Warehousing,North,Corporate,2,637.62,0.14,1096.71
2024-04-25,Courier Services,South,Corporate,12,2140.69,0.23,19779.98
2024-11-10,Freight Shipping,South,Individual,37,4030.58,0.03,144657.52
2024-04-16,Freight Shipping,North,Corporate,46,3820.23,0.06,165186.75
2024-06-07,Courier Services,East,Corporate,26,2840.46,0.27,53911.93
